event_id;article_id;uri;event;agent;predicate;patient
;;;;;;
0;1;http://en.wikinews.org/wiki/Zogby_poll_finds_45%25_want_new_9/11_investigation;11_investigation#ev24;us+government;help;Movement_for_Democratic_Change_–_Tsvangirai
;;;;;;
0;1;http://en.wikinews.org/wiki/Zogby_poll_finds_45%25_want_new_9/11_investigation;11_investigation#ev24;us+government;help;press+freedom+in+zimbabwe
;;;;;;
0;1;http://en.wikinews.org/wiki/Zogby_poll_finds_45%25_want_new_9/11_investigation;11_investigation#ev24;us+government;help;2%2c012+votes
;;;;;;
0;1;http://en.wikinews.org/wiki/Zogby_poll_finds_45%25_want_new_9/11_investigation;11_investigation#ev24;us+government;help;the+award
;;;;;;
0;1;http://en.wikinews.org/wiki/Zogby_poll_finds_45%25_want_new_9/11_investigation;11_investigation#ev24;Movement_for_Democratic_Change_–_Tsvangirai;help;with+8+%25+unsure
;;;;;;
0;1;http://en.wikinews.org/wiki/Zogby_poll_finds_45%25_want_new_9/11_investigation;11_investigation#ev24;us+government;help;Zinaida_Greceanîi
;;;;;;
0;1;http://en.wikinews.org/wiki/Zogby_poll_finds_45%25_want_new_9/11_investigation;11_investigation#ev24;Zimmerman_(surname);help;with+8+%25+unsure
;;;;;;
0;1;http://en.wikinews.org/wiki/Zogby_poll_finds_45%25_want_new_9/11_investigation;11_investigation#ev24;Florida;help;with+8+%25+unsure
;;;;;;
0;1;http://en.wikinews.org/wiki/Zogby_poll_finds_45%25_want_new_9/11_investigation;11_investigation#ev24;Florida;help;with+8+%25+unsure
;;;;;;
0;1;http://en.wikinews.org/wiki/Zogby_poll_finds_45%25_want_new_9/11_investigation;11_investigation#ev24;young+player;help;with+8+%25+unsure
;;;;;;
1;1;http://en.wikinews.org/wiki/Zogby_poll_finds_45%25_want_new_9/11_investigation;11_investigation#ev26;the+results;have;of+second+degree+murder
;;;;;;
1;1;http://en.wikinews.org/wiki/Zogby_poll_finds_45%25_want_new_9/11_investigation;11_investigation#ev26;Morgan_Tsvangirai;have;of+sampling+error+of+%2b+%2f
;;;;;;
1;1;http://en.wikinews.org/wiki/Zogby_poll_finds_45%25_want_new_9/11_investigation;11_investigation#ev26;the+results;have;the+police
;;;;;;
1;1;http://en.wikinews.org/wiki/Zogby_poll_finds_45%25_want_new_9/11_investigation;11_investigation#ev26;Movement_for_Democratic_Change_–_Tsvangirai;have;of+sampling+error+of+%2b+%2f
;;;;;;
1;1;http://en.wikinews.org/wiki/Zogby_poll_finds_45%25_want_new_9/11_investigation;11_investigation#ev26;the+results;have;such+a+law
;;;;;;
1;1;http://en.wikinews.org/wiki/Zogby_poll_finds_45%25_want_new_9/11_investigation;11_investigation#ev26;the+results;have;justice+for+a+murder
;;;;;;
1;1;http://en.wikinews.org/wiki/Zogby_poll_finds_45%25_want_new_9/11_investigation;11_investigation#ev26;the+results;have;for+the+most+goals
;;;;;;
1;1;http://en.wikinews.org/wiki/Zogby_poll_finds_45%25_want_new_9/11_investigation;11_investigation#ev26;the+judge;have;of+sampling+error+of+%2b+%2f
;;;;;;
1;1;http://en.wikinews.org/wiki/Zogby_poll_finds_45%25_want_new_9/11_investigation;11_investigation#ev26;Zinedine_Zidane;have;of+sampling+error+of+%2b+%2f
;;;;;;
1;1;http://en.wikinews.org/wiki/Zogby_poll_finds_45%25_want_new_9/11_investigation;11_investigation#ev26;the+results;have;for+the+most+goals
;;;;;;
2;1;http://en.wikinews.org/wiki/Zogby_poll_finds_45%25_want_new_9/11_investigation;11_investigation#ev15;young+player;commission;the+poll
;;;;;;
2;1;http://en.wikinews.org/wiki/Zogby_poll_finds_45%25_want_new_9/11_investigation;11_investigation#ev15;by+911truth;commission;for+the+most+goals
;;;;;;
2;1;http://en.wikinews.org/wiki/Zogby_poll_finds_45%25_want_new_9/11_investigation;11_investigation#ev15;by+911truth;commission;such+a+law
;;;;;;
2;1;http://en.wikinews.org/wiki/Zogby_poll_finds_45%25_want_new_9/11_investigation;11_investigation#ev15;by+911truth;commission;the+police
;;;;;;
2;1;http://en.wikinews.org/wiki/Zogby_poll_finds_45%25_want_new_9/11_investigation;11_investigation#ev15;tsvangirai+%27s;commission;the+poll
;;;;;;
2;1;http://en.wikinews.org/wiki/Zogby_poll_finds_45%25_want_new_9/11_investigation;11_investigation#ev15;by+911truth;commission;for+the+most+goals
;;;;;;
2;1;http://en.wikinews.org/wiki/Zogby_poll_finds_45%25_want_new_9/11_investigation;11_investigation#ev15;young+player;commission;the+poll
;;;;;;
2;1;http://en.wikinews.org/wiki/Zogby_poll_finds_45%25_want_new_9/11_investigation;11_investigation#ev15;by+911truth;commission;the+award
;;;;;;
2;1;http://en.wikinews.org/wiki/Zogby_poll_finds_45%25_want_new_9/11_investigation;11_investigation#ev15;Angela_Corey;commission;the+poll
;;;;;;
2;1;http://en.wikinews.org/wiki/Zogby_poll_finds_45%25_want_new_9/11_investigation;11_investigation#ev15;by+911truth;commission;we+simply+wanted+an+arrest
;;;;;;
0;2;http://en.wikinews.org/wiki/Zinedine_Zidane_named_the_best_player;Zinedine_Zidane_named_the_best_player#ev8;SybrinaFulton;award;for+the+most+goals
;;;;;;
0;2;http://en.wikinews.org/wiki/Zinedine_Zidane_named_the_best_player;Zinedine_Zidane_named_the_best_player#ev8;young+player;award;her+proposals
;;;;;;
0;2;http://en.wikinews.org/wiki/Zinedine_Zidane_named_the_best_player;Zinedine_Zidane_named_the_best_player#ev8;Florida;award;for+the+most+goals
;;;;;;
0;2;http://en.wikinews.org/wiki/Zinedine_Zidane_named_the_best_player;Zinedine_Zidane_named_the_best_player#ev8;Zinedine_Zidane;award;for+the+most+goals
;;;;;;
0;2;http://en.wikinews.org/wiki/Zinedine_Zidane_named_the_best_player;Zinedine_Zidane_named_the_best_player#ev8;black+leaders;award;for+the+most+goals
;;;;;;
0;2;http://en.wikinews.org/wiki/Zinedine_Zidane_named_the_best_player;Zinedine_Zidane_named_the_best_player#ev8;Florida;award;for+the+most+goals
;;;;;;
0;2;http://en.wikinews.org/wiki/Zinedine_Zidane_named_the_best_player;Zinedine_Zidane_named_the_best_player#ev8;Morgan_Tsvangirai;award;for+the+most+goals
;;;;;;
0;2;http://en.wikinews.org/wiki/Zinedine_Zidane_named_the_best_player;Zinedine_Zidane_named_the_best_player#ev8;young+player;award;List_of_recurring_The_Simpsons_characters
;;;;;;
0;2;http://en.wikinews.org/wiki/Zinedine_Zidane_named_the_best_player;Zinedine_Zidane_named_the_best_player#ev8;Florida;award;for+the+most+goals
;;;;;;
0;2;http://en.wikinews.org/wiki/Zinedine_Zidane_named_the_best_player;Zinedine_Zidane_named_the_best_player#ev8;Morgan_Tsvangirai;award;for+the+most+goals
;;;;;;
1;2;http://en.wikinews.org/wiki/Zinedine_Zidane_named_the_best_player;Zinedine_Zidane_named_the_best_player#ev22;Zimmerman_(surname);secure;2%2c012+votes
;;;;;;
1;2;http://en.wikinews.org/wiki/Zinedine_Zidane_named_the_best_player;Zinedine_Zidane_named_the_best_player#ev22;Zinedine_Zidane;secure;for+the+most+goals
;;;;;;
1;2;http://en.wikinews.org/wiki/Zinedine_Zidane_named_the_best_player;Zinedine_Zidane_named_the_best_player#ev22;Zinedine_Zidane;secure;the+award
;;;;;;
1;2;http://en.wikinews.org/wiki/Zinedine_Zidane_named_the_best_player;Zinedine_Zidane_named_the_best_player#ev22;List_of_recurring_The_Simpsons_characters;secure;2%2c012+votes
;;;;;;
1;2;http://en.wikinews.org/wiki/Zinedine_Zidane_named_the_best_player;Zinedine_Zidane_named_the_best_player#ev22;List_of_recurring_The_Simpsons_characters;secure;2%2c012+votes
;;;;;;
1;2;http://en.wikinews.org/wiki/Zinedine_Zidane_named_the_best_player;Zinedine_Zidane_named_the_best_player#ev22;Schneider_Electric;secure;2%2c012+votes
;;;;;;
1;2;http://en.wikinews.org/wiki/Zinedine_Zidane_named_the_best_player;Zinedine_Zidane_named_the_best_player#ev22;Zinedine_Zidane;secure;to+be+heard
;;;;;;
1;2;http://en.wikinews.org/wiki/Zinedine_Zidane_named_the_best_player;Zinedine_Zidane_named_the_best_player#ev22;Zinedine_Zidane;secure;press+freedom+in+zimbabwe
;;;;;;
1;2;http://en.wikinews.org/wiki/Zinedine_Zidane_named_the_best_player;Zinedine_Zidane_named_the_best_player#ev22;Zinedine_Zidane;secure;for+the+most+goals
;;;;;;
1;2;http://en.wikinews.org/wiki/Zinedine_Zidane_named_the_best_player;Zinedine_Zidane_named_the_best_player#ev22;Zinedine_Zidane;secure;Zinaida_Greceanîi
;;;;;;
2;2;http://en.wikinews.org/wiki/Zinedine_Zidane_named_the_best_player;Zinedine_Zidane_named_the_best_player#ev12;Zinedine_Zidane;headbutted;for+the+most+goals
;;;;;;
2;2;http://en.wikinews.org/wiki/Zinedine_Zidane_named_the_best_player;Zinedine_Zidane_named_the_best_player#ev12;Zinedine_Zidane;headbutted;of+the+parties+involved
;;;;;;
2;2;http://en.wikinews.org/wiki/Zinedine_Zidane_named_the_best_player;Zinedine_Zidane_named_the_best_player#ev12;Zinedine_Zidane;headbutted;five+goals
;;;;;;
2;2;http://en.wikinews.org/wiki/Zinedine_Zidane_named_the_best_player;Zinedine_Zidane_named_the_best_player#ev12;SybrinaFulton;headbutted;Marco_Materazzi
;;;;;;
2;2;http://en.wikinews.org/wiki/Zinedine_Zidane_named_the_best_player;Zinedine_Zidane_named_the_best_player#ev12;Zinedine_Zidane;headbutted;probable+cause
;;;;;;
2;2;http://en.wikinews.org/wiki/Zinedine_Zidane_named_the_best_player;Zinedine_Zidane_named_the_best_player#ev12;Zinedine_Zidane;headbutted;the+award
;;;;;;
2;2;http://en.wikinews.org/wiki/Zinedine_Zidane_named_the_best_player;Zinedine_Zidane_named_the_best_player#ev12;the+agreement;headbutted;Marco_Materazzi
;;;;;;
2;2;http://en.wikinews.org/wiki/Zinedine_Zidane_named_the_best_player;Zinedine_Zidane_named_the_best_player#ev12;the+results;headbutted;Marco_Materazzi
;;;;;;
2;2;http://en.wikinews.org/wiki/Zinedine_Zidane_named_the_best_player;Zinedine_Zidane_named_the_best_player#ev12;Zinedine_Zidane;headbutted;fifteen+seats
;;;;;;
2;2;http://en.wikinews.org/wiki/Zinedine_Zidane_named_the_best_player;Zinedine_Zidane_named_the_best_player#ev12;Zinedine_Zidane;headbutted;over+failure+to+reach+a+deal
;;;;;;
3;2;http://en.wikinews.org/wiki/Zinedine_Zidane_named_the_best_player;Zinedine_Zidane_named_the_best_player#ev13;Miroslav_Klose;win;Morgan_Tsvangirai
;;;;;;
3;2;http://en.wikinews.org/wiki/Zinedine_Zidane_named_the_best_player;Zinedine_Zidane_named_the_best_player#ev13;Miroslav_Klose;win;for+the+most+goals
;;;;;;
3;2;http://en.wikinews.org/wiki/Zinedine_Zidane_named_the_best_player;Zinedine_Zidane_named_the_best_player#ev13;Miroslav_Klose;win;such+a+law
;;;;;;
3;2;http://en.wikinews.org/wiki/Zinedine_Zidane_named_the_best_player;Zinedine_Zidane_named_the_best_player#ev13;Miroslav_Klose;win;her+proposals
;;;;;;
3;2;http://en.wikinews.org/wiki/Zinedine_Zidane_named_the_best_player;Zinedine_Zidane_named_the_best_player#ev13;Miroslav_Klose;win;for+the+most+goals
;;;;;;
3;2;http://en.wikinews.org/wiki/Zinedine_Zidane_named_the_best_player;Zinedine_Zidane_named_the_best_player#ev13;Miroslav_Klose;win;for+his+clients+safety
;;;;;;
3;2;http://en.wikinews.org/wiki/Zinedine_Zidane_named_the_best_player;Zinedine_Zidane_named_the_best_player#ev13;Movement_for_Democratic_Change_–_Tsvangirai;win;the+award
;;;;;;
3;2;http://en.wikinews.org/wiki/Zinedine_Zidane_named_the_best_player;Zinedine_Zidane_named_the_best_player#ev13;Miroslav_Klose;win;the+poll
;;;;;;
3;2;http://en.wikinews.org/wiki/Zinedine_Zidane_named_the_best_player;Zinedine_Zidane_named_the_best_player#ev13;Miroslav_Klose;win;the+police
;;;;;;
3;2;http://en.wikinews.org/wiki/Zinedine_Zidane_named_the_best_player;Zinedine_Zidane_named_the_best_player#ev13;Morgan_Tsvangirai;win;the+award
;;;;;;
4;2;http://en.wikinews.org/wiki/Zinedine_Zidane_named_the_best_player;Zinedine_Zidane_named_the_best_player#ev8;Morgan_Tsvangirai;award;for+the+most+goals
;;;;;;
4;2;http://en.wikinews.org/wiki/Zinedine_Zidane_named_the_best_player;Zinedine_Zidane_named_the_best_player#ev8;by+911truth;award;for+the+most+goals
;;;;;;
4;2;http://en.wikinews.org/wiki/Zinedine_Zidane_named_the_best_player;Zinedine_Zidane_named_the_best_player#ev8;young+player;award;the+police
;;;;;;
4;2;http://en.wikinews.org/wiki/Zinedine_Zidane_named_the_best_player;Zinedine_Zidane_named_the_best_player#ev8;young+player;award;the+police
;;;;;;
4;2;http://en.wikinews.org/wiki/Zinedine_Zidane_named_the_best_player;Zinedine_Zidane_named_the_best_player#ev8;Morgan_Tsvangirai;award;for+the+most+goals
;;;;;;
4;2;http://en.wikinews.org/wiki/Zinedine_Zidane_named_the_best_player;Zinedine_Zidane_named_the_best_player#ev8;young+player;award;over+failure+to+reach+a+deal
;;;;;;
4;2;http://en.wikinews.org/wiki/Zinedine_Zidane_named_the_best_player;Zinedine_Zidane_named_the_best_player#ev8;the+case;award;for+the+most+goals
;;;;;;
4;2;http://en.wikinews.org/wiki/Zinedine_Zidane_named_the_best_player;Zinedine_Zidane_named_the_best_player#ev8;Morgan_Tsvangirai;award;for+the+most+goals
;;;;;;
4;2;http://en.wikinews.org/wiki/Zinedine_Zidane_named_the_best_player;Zinedine_Zidane_named_the_best_player#ev8;young+player;award;List_of_recurring_The_Simpsons_characters
;;;;;;
4;2;http://en.wikinews.org/wiki/Zinedine_Zidane_named_the_best_player;Zinedine_Zidane_named_the_best_player#ev8;the+judge;award;for+the+most+goals
;;;;;;
5;2;http://en.wikinews.org/wiki/Zinedine_Zidane_named_the_best_player;Zinedine_Zidane_named_the_best_player#ev13;Miroslav_Klose;win;for+the+most+goals
;;;;;;
5;2;http://en.wikinews.org/wiki/Zinedine_Zidane_named_the_best_player;Zinedine_Zidane_named_the_best_player#ev13;Zinedine_Zidane;win;the+award
;;;;;;
5;2;http://en.wikinews.org/wiki/Zinedine_Zidane_named_the_best_player;Zinedine_Zidane_named_the_best_player#ev13;Vladimir_Voronin;win;the+award
;;;;;;
5;2;http://en.wikinews.org/wiki/Zinedine_Zidane_named_the_best_player;Zinedine_Zidane_named_the_best_player#ev13;Miroslav_Klose;win;such+a+law
;;;;;;
5;2;http://en.wikinews.org/wiki/Zinedine_Zidane_named_the_best_player;Zinedine_Zidane_named_the_best_player#ev13;young+player;win;the+award
;;;;;;
5;2;http://en.wikinews.org/wiki/Zinedine_Zidane_named_the_best_player;Zinedine_Zidane_named_the_best_player#ev13;Morgan_Tsvangirai;win;the+award
;;;;;;
5;2;http://en.wikinews.org/wiki/Zinedine_Zidane_named_the_best_player;Zinedine_Zidane_named_the_best_player#ev13;Miroslav_Klose;win;for+the+most+goals
;;;;;;
5;2;http://en.wikinews.org/wiki/Zinedine_Zidane_named_the_best_player;Zinedine_Zidane_named_the_best_player#ev13;Vladimir_Voronin;win;the+award
;;;;;;
5;2;http://en.wikinews.org/wiki/Zinedine_Zidane_named_the_best_player;Zinedine_Zidane_named_the_best_player#ev13;Zinedine_Zidane;win;the+award
;;;;;;
5;2;http://en.wikinews.org/wiki/Zinedine_Zidane_named_the_best_player;Zinedine_Zidane_named_the_best_player#ev13;Miroslav_Klose;win;justice+for+a+murder
;;;;;;
6;2;http://en.wikinews.org/wiki/Zinedine_Zidane_named_the_best_player;Zinedine_Zidane_named_the_best_player#ev8;young+player;award;the+poll
;;;;;;
6;2;http://en.wikinews.org/wiki/Zinedine_Zidane_named_the_best_player;Zinedine_Zidane_named_the_best_player#ev8;out+of+concern;award;for+the+most+goals
;;;;;;
6;2;http://en.wikinews.org/wiki/Zinedine_Zidane_named_the_best_player;Zinedine_Zidane_named_the_best_player#ev8;young+player;award;Marco_Materazzi
;;;;;;
6;2;http://en.wikinews.org/wiki/Zinedine_Zidane_named_the_best_player;Zinedine_Zidane_named_the_best_player#ev8;young+player;award;of+candy+and+iced+tea
;;;;;;
6;2;http://en.wikinews.org/wiki/Zinedine_Zidane_named_the_best_player;Zinedine_Zidane_named_the_best_player#ev8;young+player;award;the+award
;;;;;;
6;2;http://en.wikinews.org/wiki/Zinedine_Zidane_named_the_best_player;Zinedine_Zidane_named_the_best_player#ev8;young+player;award;the+police
;;;;;;
6;2;http://en.wikinews.org/wiki/Zinedine_Zidane_named_the_best_player;Zinedine_Zidane_named_the_best_player#ev8;young+player;award;zimmerman+willingly+turned+himself+in
;;;;;;
6;2;http://en.wikinews.org/wiki/Zinedine_Zidane_named_the_best_player;Zinedine_Zidane_named_the_best_player#ev8;Miroslav_Klose;award;for+the+most+goals
;;;;;;
6;2;http://en.wikinews.org/wiki/Zinedine_Zidane_named_the_best_player;Zinedine_Zidane_named_the_best_player#ev8;young+player;award;Movement_for_Democratic_Change_–_Tsvangirai
;;;;;;
6;2;http://en.wikinews.org/wiki/Zinedine_Zidane_named_the_best_player;Zinedine_Zidane_named_the_best_player#ev8;young+player;award;2%2c012+votes
;;;;;;
7;2;http://en.wikinews.org/wiki/Zinedine_Zidane_named_the_best_player;Zinedine_Zidane_named_the_best_player#ev15;Miroslav_Klose;score;such+a+law
;;;;;;
7;2;http://en.wikinews.org/wiki/Zinedine_Zidane_named_the_best_player;Zinedine_Zidane_named_the_best_player#ev15;52+of+the+101+mps;score;five+goals
;;;;;;
7;2;http://en.wikinews.org/wiki/Zinedine_Zidane_named_the_best_player;Zinedine_Zidane_named_the_best_player#ev15;Miroslav_Klose;score;the+award
;;;;;;
7;2;http://en.wikinews.org/wiki/Zinedine_Zidane_named_the_best_player;Zinedine_Zidane_named_the_best_player#ev15;the+agreement;score;five+goals
;;;;;;
7;2;http://en.wikinews.org/wiki/Zinedine_Zidane_named_the_best_player;Zinedine_Zidane_named_the_best_player#ev15;Zinedine_Zidane;score;five+goals
;;;;;;
7;2;http://en.wikinews.org/wiki/Zinedine_Zidane_named_the_best_player;Zinedine_Zidane_named_the_best_player#ev15;Movement_for_Democratic_Change_–_Tsvangirai;score;five+goals
;;;;;;
7;2;http://en.wikinews.org/wiki/Zinedine_Zidane_named_the_best_player;Zinedine_Zidane_named_the_best_player#ev15;Miroslav_Klose;score;Movement_for_Democratic_Change_–_Tsvangirai
;;;;;;
7;2;http://en.wikinews.org/wiki/Zinedine_Zidane_named_the_best_player;Zinedine_Zidane_named_the_best_player#ev15;Miroslav_Klose;score;for+the+most+goals
;;;;;;
7;2;http://en.wikinews.org/wiki/Zinedine_Zidane_named_the_best_player;Zinedine_Zidane_named_the_best_player#ev15;young+player;score;five+goals
;;;;;;
7;2;http://en.wikinews.org/wiki/Zinedine_Zidane_named_the_best_player;Zinedine_Zidane_named_the_best_player#ev15;Miroslav_Klose;score;the+police
;;;;;;
8;2;http://en.wikinews.org/wiki/Zinedine_Zidane_named_the_best_player;Zinedine_Zidane_named_the_best_player#ev13;Miroslav_Klose;win;of+second+degree+murder
;;;;;;
8;2;http://en.wikinews.org/wiki/Zinedine_Zidane_named_the_best_player;Zinedine_Zidane_named_the_best_player#ev13;young+player;win;the+award
;;;;;;
8;2;http://en.wikinews.org/wiki/Zinedine_Zidane_named_the_best_player;Zinedine_Zidane_named_the_best_player#ev13;the+judge;win;the+award
;;;;;;
8;2;http://en.wikinews.org/wiki/Zinedine_Zidane_named_the_best_player;Zinedine_Zidane_named_the_best_player#ev13;Zimmerman_(surname);win;the+award
;;;;;;
8;2;http://en.wikinews.org/wiki/Zinedine_Zidane_named_the_best_player;Zinedine_Zidane_named_the_best_player#ev13;Miroslav_Klose;win;fifteen+seats
;;;;;;
8;2;http://en.wikinews.org/wiki/Zinedine_Zidane_named_the_best_player;Zinedine_Zidane_named_the_best_player#ev13;Miroslav_Klose;win;for+his+clients+safety
;;;;;;
8;2;http://en.wikinews.org/wiki/Zinedine_Zidane_named_the_best_player;Zinedine_Zidane_named_the_best_player#ev13;Miroslav_Klose;win;the+poll
;;;;;;
8;2;http://en.wikinews.org/wiki/Zinedine_Zidane_named_the_best_player;Zinedine_Zidane_named_the_best_player#ev13;Miroslav_Klose;win;2%2c012+votes
;;;;;;
8;2;http://en.wikinews.org/wiki/Zinedine_Zidane_named_the_best_player;Zinedine_Zidane_named_the_best_player#ev13;the+results;win;the+award
;;;;;;
8;2;http://en.wikinews.org/wiki/Zinedine_Zidane_named_the_best_player;Zinedine_Zidane_named_the_best_player#ev13;Schneider_Electric;win;the+award
;;;;;;
9;2;http://en.wikinews.org/wiki/Zinedine_Zidane_named_the_best_player;Zinedine_Zidane_named_the_best_player#ev8;the+judge;award;for+the+most+goals
;;;;;;
9;2;http://en.wikinews.org/wiki/Zinedine_Zidane_named_the_best_player;Zinedine_Zidane_named_the_best_player#ev8;Florida;award;for+the+most+goals
;;;;;;
9;2;http://en.wikinews.org/wiki/Zinedine_Zidane_named_the_best_player;Zinedine_Zidane_named_the_best_player#ev8;young+player;award;of+the+parties+involved
;;;;;;
9;2;http://en.wikinews.org/wiki/Zinedine_Zidane_named_the_best_player;Zinedine_Zidane_named_the_best_player#ev8;young+player;award;a+%60%60+suspicious+%27%27+character
;;;;;;
9;2;http://en.wikinews.org/wiki/Zinedine_Zidane_named_the_best_player;Zinedine_Zidane_named_the_best_player#ev8;young+player;award;the+award
;;;;;;
9;2;http://en.wikinews.org/wiki/Zinedine_Zidane_named_the_best_player;Zinedine_Zidane_named_the_best_player#ev8;young+player;award;such+a+law
;;;;;;
9;2;http://en.wikinews.org/wiki/Zinedine_Zidane_named_the_best_player;Zinedine_Zidane_named_the_best_player#ev8;young+player;award;press+freedom+in+zimbabwe
;;;;;;
9;2;http://en.wikinews.org/wiki/Zinedine_Zidane_named_the_best_player;Zinedine_Zidane_named_the_best_player#ev8;young+player;award;a+deal
;;;;;;
9;2;http://en.wikinews.org/wiki/Zinedine_Zidane_named_the_best_player;Zinedine_Zidane_named_the_best_player#ev8;Morgan_Tsvangirai;award;for+the+most+goals
;;;;;;
9;2;http://en.wikinews.org/wiki/Zinedine_Zidane_named_the_best_player;Zinedine_Zidane_named_the_best_player#ev8;by+911truth;award;for+the+most+goals
;;;;;;
10;2;http://en.wikinews.org/wiki/Zinedine_Zidane_named_the_best_player;Zinedine_Zidane_named_the_best_player#ev8;by+911truth;award;for+the+most+goals
;;;;;;
10;2;http://en.wikinews.org/wiki/Zinedine_Zidane_named_the_best_player;Zinedine_Zidane_named_the_best_player#ev8;Miroslav_Klose;award;for+the+most+goals
;;;;;;
10;2;http://en.wikinews.org/wiki/Zinedine_Zidane_named_the_best_player;Zinedine_Zidane_named_the_best_player#ev8;young+player;award;2%2c012+votes
;;;;;;
10;2;http://en.wikinews.org/wiki/Zinedine_Zidane_named_the_best_player;Zinedine_Zidane_named_the_best_player#ev8;young+player;award;Zinaida_Greceanîi
;;;;;;
10;2;http://en.wikinews.org/wiki/Zinedine_Zidane_named_the_best_player;Zinedine_Zidane_named_the_best_player#ev8;young+player;award;the+police
;;;;;;
10;2;http://en.wikinews.org/wiki/Zinedine_Zidane_named_the_best_player;Zinedine_Zidane_named_the_best_player#ev8;young+player;award;List_of_recurring_The_Simpsons_characters
;;;;;;
10;2;http://en.wikinews.org/wiki/Zinedine_Zidane_named_the_best_player;Zinedine_Zidane_named_the_best_player#ev8;young+player;award;such+a+law
;;;;;;
10;2;http://en.wikinews.org/wiki/Zinedine_Zidane_named_the_best_player;Zinedine_Zidane_named_the_best_player#ev8;Morgan_Tsvangirai;award;for+the+most+goals
;;;;;;
10;2;http://en.wikinews.org/wiki/Zinedine_Zidane_named_the_best_player;Zinedine_Zidane_named_the_best_player#ev8;Morgan_Tsvangirai;award;for+the+most+goals
;;;;;;
10;2;http://en.wikinews.org/wiki/Zinedine_Zidane_named_the_best_player;Zinedine_Zidane_named_the_best_player#ev8;young+player;award;of+second+degree+murder
;;;;;;
11;2;http://en.wikinews.org/wiki/Zinedine_Zidane_named_the_best_player;Zinedine_Zidane_named_the_best_player#ev13;Robert_Mugabe;win;the+award
;;;;;;
11;2;http://en.wikinews.org/wiki/Zinedine_Zidane_named_the_best_player;Zinedine_Zidane_named_the_best_player#ev13;Miroslav_Klose;win;the+poll
;;;;;;
11;2;http://en.wikinews.org/wiki/Zinedine_Zidane_named_the_best_player;Zinedine_Zidane_named_the_best_player#ev13;Miroslav_Klose;win;the+police
;;;;;;
11;2;http://en.wikinews.org/wiki/Zinedine_Zidane_named_the_best_player;Zinedine_Zidane_named_the_best_player#ev13;us+government;win;the+award
;;;;;;
11;2;http://en.wikinews.org/wiki/Zinedine_Zidane_named_the_best_player;Zinedine_Zidane_named_the_best_player#ev13;Eric_Zimmerman;win;the+award
;;;;;;
11;2;http://en.wikinews.org/wiki/Zinedine_Zidane_named_the_best_player;Zinedine_Zidane_named_the_best_player#ev13;Zinedine_Zidane;win;the+award
;;;;;;
11;2;http://en.wikinews.org/wiki/Zinedine_Zidane_named_the_best_player;Zinedine_Zidane_named_the_best_player#ev13;Miroslav_Klose;win;Zinaida_Greceanîi
;;;;;;
11;2;http://en.wikinews.org/wiki/Zinedine_Zidane_named_the_best_player;Zinedine_Zidane_named_the_best_player#ev13;young+player;win;the+award
;;;;;;
11;2;http://en.wikinews.org/wiki/Zinedine_Zidane_named_the_best_player;Zinedine_Zidane_named_the_best_player#ev13;tsvangirai+%27s;win;the+award
;;;;;;
11;2;http://en.wikinews.org/wiki/Zinedine_Zidane_named_the_best_player;Zinedine_Zidane_named_the_best_player#ev13;Miroslav_Klose;win;Movement_for_Democratic_Change_–_Tsvangirai
;;;;;;
12;2;http://en.wikinews.org/wiki/Zinedine_Zidane_named_the_best_player;Zinedine_Zidane_named_the_best_player#ev8;52+of+the+101+mps;award;for+the+most+goals
;;;;;;
12;2;http://en.wikinews.org/wiki/Zinedine_Zidane_named_the_best_player;Zinedine_Zidane_named_the_best_player#ev8;the+results;award;for+the+most+goals
;;;;;;
12;2;http://en.wikinews.org/wiki/Zinedine_Zidane_named_the_best_player;Zinedine_Zidane_named_the_best_player#ev8;young+player;award;Movement_for_Democratic_Change_–_Tsvangirai
;;;;;;
12;2;http://en.wikinews.org/wiki/Zinedine_Zidane_named_the_best_player;Zinedine_Zidane_named_the_best_player#ev8;young+player;award;with+8+%25+unsure
;;;;;;
12;2;http://en.wikinews.org/wiki/Zinedine_Zidane_named_the_best_player;Zinedine_Zidane_named_the_best_player#ev8;young+player;award;of+sampling+error+of+%2b+%2f
;;;;;;
12;2;http://en.wikinews.org/wiki/Zinedine_Zidane_named_the_best_player;Zinedine_Zidane_named_the_best_player#ev8;Vladimir_Voronin;award;for+the+most+goals
;;;;;;
12;2;http://en.wikinews.org/wiki/Zinedine_Zidane_named_the_best_player;Zinedine_Zidane_named_the_best_player#ev8;young+player;award;List_of_recurring_The_Simpsons_characters
;;;;;;
12;2;http://en.wikinews.org/wiki/Zinedine_Zidane_named_the_best_player;Zinedine_Zidane_named_the_best_player#ev8;young+player;award;Marco_Materazzi
;;;;;;
12;2;http://en.wikinews.org/wiki/Zinedine_Zidane_named_the_best_player;Zinedine_Zidane_named_the_best_player#ev8;out+of+concern;award;for+the+most+goals
;;;;;;
12;2;http://en.wikinews.org/wiki/Zinedine_Zidane_named_the_best_player;Zinedine_Zidane_named_the_best_player#ev8;List_of_recurring_The_Simpsons_characters;award;for+the+most+goals
;;;;;;
0;3;http://en.wikinews.org/wiki/Zinaida_Greceanii_nominated_Moldovan_Prime_Minister;Zinaida_Greceanii_nominated_Moldovan_Prime_Minister#ev24;52+of+the+101+mps;endorse;the+award
;;;;;;
0;3;http://en.wikinews.org/wiki/Zinaida_Greceanii_nominated_Moldovan_Prime_Minister;Zinaida_Greceanii_nominated_Moldovan_Prime_Minister#ev24;Zinedine_Zidane;endorse;her+proposals
;;;;;;
0;3;http://en.wikinews.org/wiki/Zinaida_Greceanii_nominated_Moldovan_Prime_Minister;Zinaida_Greceanii_nominated_Moldovan_Prime_Minister#ev24;young+player;endorse;her+proposals
;;;;;;
0;3;http://en.wikinews.org/wiki/Zinaida_Greceanii_nominated_Moldovan_Prime_Minister;Zinaida_Greceanii_nominated_Moldovan_Prime_Minister#ev24;young+player;endorse;her+proposals
;;;;;;
0;3;http://en.wikinews.org/wiki/Zinaida_Greceanii_nominated_Moldovan_Prime_Minister;Zinaida_Greceanii_nominated_Moldovan_Prime_Minister#ev24;52+of+the+101+mps;endorse;a+deal
;;;;;;
0;3;http://en.wikinews.org/wiki/Zinaida_Greceanii_nominated_Moldovan_Prime_Minister;Zinaida_Greceanii_nominated_Moldovan_Prime_Minister#ev24;52+of+the+101+mps;endorse;such+a+law
;;;;;;
0;3;http://en.wikinews.org/wiki/Zinaida_Greceanii_nominated_Moldovan_Prime_Minister;Zinaida_Greceanii_nominated_Moldovan_Prime_Minister#ev24;52+of+the+101+mps;endorse;for+the+most+goals
;;;;;;
0;3;http://en.wikinews.org/wiki/Zinaida_Greceanii_nominated_Moldovan_Prime_Minister;Zinaida_Greceanii_nominated_Moldovan_Prime_Minister#ev24;Florida;endorse;her+proposals
;;;;;;
0;3;http://en.wikinews.org/wiki/Zinaida_Greceanii_nominated_Moldovan_Prime_Minister;Zinaida_Greceanii_nominated_Moldovan_Prime_Minister#ev24;52+of+the+101+mps;endorse;for+the+most+goals
;;;;;;
0;3;http://en.wikinews.org/wiki/Zinaida_Greceanii_nominated_Moldovan_Prime_Minister;Zinaida_Greceanii_nominated_Moldovan_Prime_Minister#ev24;the+case;endorse;her+proposals
;;;;;;
1;3;http://en.wikinews.org/wiki/Zinaida_Greceanii_nominated_Moldovan_Prime_Minister;Zinaida_Greceanii_nominated_Moldovan_Prime_Minister#ev6;Vladimir_Voronin;sign;press+freedom+in+zimbabwe
;;;;;;
1;3;http://en.wikinews.org/wiki/Zinaida_Greceanii_nominated_Moldovan_Prime_Minister;Zinaida_Greceanii_nominated_Moldovan_Prime_Minister#ev6;Robert_Mugabe;sign;Zinaida_Greceanîi
;;;;;;
1;3;http://en.wikinews.org/wiki/Zinaida_Greceanii_nominated_Moldovan_Prime_Minister;Zinaida_Greceanii_nominated_Moldovan_Prime_Minister#ev6;Vladimir_Voronin;sign;for+the+most+goals
;;;;;;
1;3;http://en.wikinews.org/wiki/Zinaida_Greceanii_nominated_Moldovan_Prime_Minister;Zinaida_Greceanii_nominated_Moldovan_Prime_Minister#ev6;Vladimir_Voronin;sign;Movement_for_Democratic_Change_–_Tsvangirai
;;;;;;
1;3;http://en.wikinews.org/wiki/Zinaida_Greceanii_nominated_Moldovan_Prime_Minister;Zinaida_Greceanii_nominated_Moldovan_Prime_Minister#ev6;Vladimir_Voronin;sign;the+award
;;;;;;
1;3;http://en.wikinews.org/wiki/Zinaida_Greceanii_nominated_Moldovan_Prime_Minister;Zinaida_Greceanii_nominated_Moldovan_Prime_Minister#ev6;Vladimir_Voronin;sign;we+simply+wanted+an+arrest
;;;;;;
1;3;http://en.wikinews.org/wiki/Zinaida_Greceanii_nominated_Moldovan_Prime_Minister;Zinaida_Greceanii_nominated_Moldovan_Prime_Minister#ev6;the+judge;sign;Zinaida_Greceanîi
;;;;;;
1;3;http://en.wikinews.org/wiki/Zinaida_Greceanii_nominated_Moldovan_Prime_Minister;Zinaida_Greceanii_nominated_Moldovan_Prime_Minister#ev6;List_of_recurring_The_Simpsons_characters;sign;Zinaida_Greceanîi
;;;;;;
1;3;http://en.wikinews.org/wiki/Zinaida_Greceanii_nominated_Moldovan_Prime_Minister;Zinaida_Greceanii_nominated_Moldovan_Prime_Minister#ev6;black+leaders;sign;Zinaida_Greceanîi
;;;;;;
1;3;http://en.wikinews.org/wiki/Zinaida_Greceanii_nominated_Moldovan_Prime_Minister;Zinaida_Greceanii_nominated_Moldovan_Prime_Minister#ev6;Florida;sign;Zinaida_Greceanîi
;;;;;;
0;4;http://en.wikinews.org/wiki/Zimmerman_stands_before_judge_for_the_Trayvon_Martin_shooting;Zimmerman_stands_before_judge_for_the_Trayvon_Martin_shooting#ev78;List_of_recurring_The_Simpsons_characters;carry;the+award
;;;;;;
0;4;http://en.wikinews.org/wiki/Zimmerman_stands_before_judge_for_the_Trayvon_Martin_shooting;Zimmerman_stands_before_judge_for_the_Trayvon_Martin_shooting#ev78;List_of_recurring_The_Simpsons_characters;carry;of+the+parties+involved
;;;;;;
0;4;http://en.wikinews.org/wiki/Zimmerman_stands_before_judge_for_the_Trayvon_Martin_shooting;Zimmerman_stands_before_judge_for_the_Trayvon_Martin_shooting#ev78;List_of_recurring_The_Simpsons_characters;carry;justice+for+a+murder
;;;;;;
0;4;http://en.wikinews.org/wiki/Zimmerman_stands_before_judge_for_the_Trayvon_Martin_shooting;Zimmerman_stands_before_judge_for_the_Trayvon_Martin_shooting#ev78;List_of_recurring_The_Simpsons_characters;carry;the+police
;;;;;;
0;4;http://en.wikinews.org/wiki/Zimmerman_stands_before_judge_for_the_Trayvon_Martin_shooting;Zimmerman_stands_before_judge_for_the_Trayvon_Martin_shooting#ev78;List_of_recurring_The_Simpsons_characters;carry;for+the+most+goals
;;;;;;
0;4;http://en.wikinews.org/wiki/Zimmerman_stands_before_judge_for_the_Trayvon_Martin_shooting;Zimmerman_stands_before_judge_for_the_Trayvon_Martin_shooting#ev78;Vladimir_Voronin;carry;of+candy+and+iced+tea
;;;;;;
0;4;http://en.wikinews.org/wiki/Zimmerman_stands_before_judge_for_the_Trayvon_Martin_shooting;Zimmerman_stands_before_judge_for_the_Trayvon_Martin_shooting#ev78;List_of_recurring_The_Simpsons_characters;carry;Marco_Materazzi
;;;;;;
0;4;http://en.wikinews.org/wiki/Zimmerman_stands_before_judge_for_the_Trayvon_Martin_shooting;Zimmerman_stands_before_judge_for_the_Trayvon_Martin_shooting#ev78;young+player;carry;of+candy+and+iced+tea
;;;;;;
0;4;http://en.wikinews.org/wiki/Zimmerman_stands_before_judge_for_the_Trayvon_Martin_shooting;Zimmerman_stands_before_judge_for_the_Trayvon_Martin_shooting#ev78;SybrinaFulton;carry;of+candy+and+iced+tea
;;;;;;
0;4;http://en.wikinews.org/wiki/Zimmerman_stands_before_judge_for_the_Trayvon_Martin_shooting;Zimmerman_stands_before_judge_for_the_Trayvon_Martin_shooting#ev78;Miroslav_Klose;carry;of+candy+and+iced+tea
;;;;;;
1;4;http://en.wikinews.org/wiki/Zimmerman_stands_before_judge_for_the_Trayvon_Martin_shooting;Zimmerman_stands_before_judge_for_the_Trayvon_Martin_shooting#ev79;Eric_Zimmerman;call;the+police
;;;;;;
1;4;http://en.wikinews.org/wiki/Zimmerman_stands_before_judge_for_the_Trayvon_Martin_shooting;Zimmerman_stands_before_judge_for_the_Trayvon_Martin_shooting#ev79;Miroslav_Klose;call;a+%60%60+suspicious+%27%27+character
;;;;;;
1;4;http://en.wikinews.org/wiki/Zimmerman_stands_before_judge_for_the_Trayvon_Martin_shooting;Zimmerman_stands_before_judge_for_the_Trayvon_Martin_shooting#ev79;young+player;call;a+%60%60+suspicious+%27%27+character
;;;;;;
1;4;http://en.wikinews.org/wiki/Zimmerman_stands_before_judge_for_the_Trayvon_Martin_shooting;Zimmerman_stands_before_judge_for_the_Trayvon_Martin_shooting#ev79;Eric_Zimmerman;call;of+sampling+error+of+%2b+%2f
;;;;;;
1;4;http://en.wikinews.org/wiki/Zimmerman_stands_before_judge_for_the_Trayvon_Martin_shooting;Zimmerman_stands_before_judge_for_the_Trayvon_Martin_shooting#ev79;Eric_Zimmerman;call;the+award
;;;;;;
1;4;http://en.wikinews.org/wiki/Zimmerman_stands_before_judge_for_the_Trayvon_Martin_shooting;Zimmerman_stands_before_judge_for_the_Trayvon_Martin_shooting#ev79;Eric_Zimmerman;call;for+the+most+goals
;;;;;;
1;4;http://en.wikinews.org/wiki/Zimmerman_stands_before_judge_for_the_Trayvon_Martin_shooting;Zimmerman_stands_before_judge_for_the_Trayvon_Martin_shooting#ev79;young+player;call;a+%60%60+suspicious+%27%27+character
;;;;;;
1;4;http://en.wikinews.org/wiki/Zimmerman_stands_before_judge_for_the_Trayvon_Martin_shooting;Zimmerman_stands_before_judge_for_the_Trayvon_Martin_shooting#ev79;Miroslav_Klose;call;a+%60%60+suspicious+%27%27+character
;;;;;;
1;4;http://en.wikinews.org/wiki/Zimmerman_stands_before_judge_for_the_Trayvon_Martin_shooting;Zimmerman_stands_before_judge_for_the_Trayvon_Martin_shooting#ev79;Miroslav_Klose;call;a+%60%60+suspicious+%27%27+character
;;;;;;
1;4;http://en.wikinews.org/wiki/Zimmerman_stands_before_judge_for_the_Trayvon_Martin_shooting;Zimmerman_stands_before_judge_for_the_Trayvon_Martin_shooting#ev79;Movement_for_Democratic_Change_–_Tsvangirai;call;a+%60%60+suspicious+%27%27+character
;;;;;;
2;4;http://en.wikinews.org/wiki/Zimmerman_stands_before_judge_for_the_Trayvon_Martin_shooting;Zimmerman_stands_before_judge_for_the_Trayvon_Martin_shooting#ev81;Schneider_Electric;demand;justice+for+a+murder
;;;;;;
2;4;http://en.wikinews.org/wiki/Zimmerman_stands_before_judge_for_the_Trayvon_Martin_shooting;Zimmerman_stands_before_judge_for_the_Trayvon_Martin_shooting#ev81;tsvangirai+%27s;demand;justice+for+a+murder
;;;;;;
2;4;http://en.wikinews.org/wiki/Zimmerman_stands_before_judge_for_the_Trayvon_Martin_shooting;Zimmerman_stands_before_judge_for_the_Trayvon_Martin_shooting#ev81;black+leaders;demand;for+the+most+goals
;;;;;;
2;4;http://en.wikinews.org/wiki/Zimmerman_stands_before_judge_for_the_Trayvon_Martin_shooting;Zimmerman_stands_before_judge_for_the_Trayvon_Martin_shooting#ev81;black+leaders;demand;for+the+most+goals
;;;;;;
2;4;http://en.wikinews.org/wiki/Zimmerman_stands_before_judge_for_the_Trayvon_Martin_shooting;Zimmerman_stands_before_judge_for_the_Trayvon_Martin_shooting#ev81;black+leaders;demand;such+a+law
;;;;;;
2;4;http://en.wikinews.org/wiki/Zimmerman_stands_before_judge_for_the_Trayvon_Martin_shooting;Zimmerman_stands_before_judge_for_the_Trayvon_Martin_shooting#ev81;the+case;demand;justice+for+a+murder
;;;;;;
2;4;http://en.wikinews.org/wiki/Zimmerman_stands_before_judge_for_the_Trayvon_Martin_shooting;Zimmerman_stands_before_judge_for_the_Trayvon_Martin_shooting#ev81;the+agreement;demand;justice+for+a+murder
;;;;;;
2;4;http://en.wikinews.org/wiki/Zimmerman_stands_before_judge_for_the_Trayvon_Martin_shooting;Zimmerman_stands_before_judge_for_the_Trayvon_Martin_shooting#ev81;Movement_for_Democratic_Change_–_Tsvangirai;demand;justice+for+a+murder
;;;;;;
2;4;http://en.wikinews.org/wiki/Zimmerman_stands_before_judge_for_the_Trayvon_Martin_shooting;Zimmerman_stands_before_judge_for_the_Trayvon_Martin_shooting#ev81;black+leaders;demand;List_of_recurring_The_Simpsons_characters
;;;;;;
2;4;http://en.wikinews.org/wiki/Zimmerman_stands_before_judge_for_the_Trayvon_Martin_shooting;Zimmerman_stands_before_judge_for_the_Trayvon_Martin_shooting#ev81;the+judge;demand;justice+for+a+murder
;;;;;;
3;4;http://en.wikinews.org/wiki/Zimmerman_stands_before_judge_for_the_Trayvon_Martin_shooting;Supreme_Court_of_Pakistan_criticizes_authorities_over_Bhutto_murder#ev45;the+case;quit;press+freedom+in+zimbabwe
;;;;;;
3;4;http://en.wikinews.org/wiki/Zimmerman_stands_before_judge_for_the_Trayvon_Martin_shooting;Supreme_Court_of_Pakistan_criticizes_authorities_over_Bhutto_murder#ev45;Schneider_Electric;quit;to+be+heard
;;;;;;
3;4;http://en.wikinews.org/wiki/Zimmerman_stands_before_judge_for_the_Trayvon_Martin_shooting;Supreme_Court_of_Pakistan_criticizes_authorities_over_Bhutto_murder#ev45;the+case;quit;the+award
;;;;;;
3;4;http://en.wikinews.org/wiki/Zimmerman_stands_before_judge_for_the_Trayvon_Martin_shooting;Supreme_Court_of_Pakistan_criticizes_authorities_over_Bhutto_murder#ev45;the+case;quit;of+second+degree+murder
;;;;;;
3;4;http://en.wikinews.org/wiki/Zimmerman_stands_before_judge_for_the_Trayvon_Martin_shooting;Supreme_Court_of_Pakistan_criticizes_authorities_over_Bhutto_murder#ev45;the+case;quit;we+simply+wanted+an+arrest
;;;;;;
3;4;http://en.wikinews.org/wiki/Zimmerman_stands_before_judge_for_the_Trayvon_Martin_shooting;Supreme_Court_of_Pakistan_criticizes_authorities_over_Bhutto_murder#ev45;out+of+concern;quit;to+be+heard
;;;;;;
3;4;http://en.wikinews.org/wiki/Zimmerman_stands_before_judge_for_the_Trayvon_Martin_shooting;Supreme_Court_of_Pakistan_criticizes_authorities_over_Bhutto_murder#ev45;Miroslav_Klose;quit;to+be+heard
;;;;;;
3;4;http://en.wikinews.org/wiki/Zimmerman_stands_before_judge_for_the_Trayvon_Martin_shooting;Supreme_Court_of_Pakistan_criticizes_authorities_over_Bhutto_murder#ev45;young+player;quit;to+be+heard
;;;;;;
3;4;http://en.wikinews.org/wiki/Zimmerman_stands_before_judge_for_the_Trayvon_Martin_shooting;Supreme_Court_of_Pakistan_criticizes_authorities_over_Bhutto_murder#ev45;us+government;quit;to+be+heard
;;;;;;
3;4;http://en.wikinews.org/wiki/Zimmerman_stands_before_judge_for_the_Trayvon_Martin_shooting;Supreme_Court_of_Pakistan_criticizes_authorities_over_Bhutto_murder#ev45;the+case;quit;a+deal
;;;;;;
4;4;http://en.wikinews.org/wiki/Zimmerman_stands_before_judge_for_the_Trayvon_Martin_shooting;Zimmerman_stands_before_judge_for_the_Trayvon_Martin_shooting#ev32;young+player;involve;of+the+parties+involved
;;;;;;
4;4;http://en.wikinews.org/wiki/Zimmerman_stands_before_judge_for_the_Trayvon_Martin_shooting;Zimmerman_stands_before_judge_for_the_Trayvon_Martin_shooting#ev32;52+of+the+101+mps;involve;of+the+parties+involved
;;;;;;
4;4;http://en.wikinews.org/wiki/Zimmerman_stands_before_judge_for_the_Trayvon_Martin_shooting;Zimmerman_stands_before_judge_for_the_Trayvon_Martin_shooting#ev32;Zinedine_Zidane;involve;of+the+parties+involved
;;;;;;
4;4;http://en.wikinews.org/wiki/Zimmerman_stands_before_judge_for_the_Trayvon_Martin_shooting;Zimmerman_stands_before_judge_for_the_Trayvon_Martin_shooting#ev32;Schneider_Electric;involve;the+police
;;;;;;
4;4;http://en.wikinews.org/wiki/Zimmerman_stands_before_judge_for_the_Trayvon_Martin_shooting;Zimmerman_stands_before_judge_for_the_Trayvon_Martin_shooting#ev32;Eric_Zimmerman;involve;of+the+parties+involved
;;;;;;
4;4;http://en.wikinews.org/wiki/Zimmerman_stands_before_judge_for_the_Trayvon_Martin_shooting;Zimmerman_stands_before_judge_for_the_Trayvon_Martin_shooting#ev32;Schneider_Electric;involve;with+8+%25+unsure
;;;;;;
4;4;http://en.wikinews.org/wiki/Zimmerman_stands_before_judge_for_the_Trayvon_Martin_shooting;Zimmerman_stands_before_judge_for_the_Trayvon_Martin_shooting#ev32;Schneider_Electric;involve;zimmerman+willingly+turned+himself+in
;;;;;;
4;4;http://en.wikinews.org/wiki/Zimmerman_stands_before_judge_for_the_Trayvon_Martin_shooting;Zimmerman_stands_before_judge_for_the_Trayvon_Martin_shooting#ev32;Schneider_Electric;involve;for+the+most+goals
;;;;;;
4;4;http://en.wikinews.org/wiki/Zimmerman_stands_before_judge_for_the_Trayvon_Martin_shooting;Zimmerman_stands_before_judge_for_the_Trayvon_Martin_shooting#ev32;Schneider_Electric;involve;with+8+%25+unsure
;;;;;;
4;4;http://en.wikinews.org/wiki/Zimmerman_stands_before_judge_for_the_Trayvon_Martin_shooting;Zimmerman_stands_before_judge_for_the_Trayvon_Martin_shooting#ev32;Vladimir_Voronin;involve;of+the+parties+involved
;;;;;;
5;4;http://en.wikinews.org/wiki/Zimmerman_stands_before_judge_for_the_Trayvon_Martin_shooting;Texas_baby_removed_from_life_support_against_mother's_wishes#ev116;Florida;law;for+the+most+goals
;;;;;;
5;4;http://en.wikinews.org/wiki/Zimmerman_stands_before_judge_for_the_Trayvon_Martin_shooting;Texas_baby_removed_from_life_support_against_mother's_wishes#ev116;Florida;law;the+award
;;;;;;
5;4;http://en.wikinews.org/wiki/Zimmerman_stands_before_judge_for_the_Trayvon_Martin_shooting;Texas_baby_removed_from_life_support_against_mother's_wishes#ev116;the+agreement;law;such+a+law
;;;;;;
5;4;http://en.wikinews.org/wiki/Zimmerman_stands_before_judge_for_the_Trayvon_Martin_shooting;Texas_baby_removed_from_life_support_against_mother's_wishes#ev116;Zimmerman_(surname);law;such+a+law
;;;;;;
5;4;http://en.wikinews.org/wiki/Zimmerman_stands_before_judge_for_the_Trayvon_Martin_shooting;Texas_baby_removed_from_life_support_against_mother's_wishes#ev116;by+911truth;law;such+a+law
;;;;;;
5;4;http://en.wikinews.org/wiki/Zimmerman_stands_before_judge_for_the_Trayvon_Martin_shooting;Texas_baby_removed_from_life_support_against_mother's_wishes#ev116;black+leaders;law;such+a+law
;;;;;;
5;4;http://en.wikinews.org/wiki/Zimmerman_stands_before_judge_for_the_Trayvon_Martin_shooting;Texas_baby_removed_from_life_support_against_mother's_wishes#ev116;the+proposed+cabinet;law;such+a+law
;;;;;;
5;4;http://en.wikinews.org/wiki/Zimmerman_stands_before_judge_for_the_Trayvon_Martin_shooting;Texas_baby_removed_from_life_support_against_mother's_wishes#ev116;young+player;law;such+a+law
;;;;;;
5;4;http://en.wikinews.org/wiki/Zimmerman_stands_before_judge_for_the_Trayvon_Martin_shooting;Texas_baby_removed_from_life_support_against_mother's_wishes#ev116;the+judge;law;such+a+law
;;;;;;
5;4;http://en.wikinews.org/wiki/Zimmerman_stands_before_judge_for_the_Trayvon_Martin_shooting;Texas_baby_removed_from_life_support_against_mother's_wishes#ev116;Miroslav_Klose;law;such+a+law
;;;;;;
6;4;http://en.wikinews.org/wiki/Zimmerman_stands_before_judge_for_the_Trayvon_Martin_shooting;Zimmerman_stands_before_judge_for_the_Trayvon_Martin_shooting#ev63;young+player;have;such+a+law
;;;;;;
6;4;http://en.wikinews.org/wiki/Zimmerman_stands_before_judge_for_the_Trayvon_Martin_shooting;Zimmerman_stands_before_judge_for_the_Trayvon_Martin_shooting#ev63;24+states+%2c+including+florida+%2c;have;the+award
;;;;;;
6;4;http://en.wikinews.org/wiki/Zimmerman_stands_before_judge_for_the_Trayvon_Martin_shooting;Zimmerman_stands_before_judge_for_the_Trayvon_Martin_shooting#ev63;Florida;have;such+a+law
;;;;;;
6;4;http://en.wikinews.org/wiki/Zimmerman_stands_before_judge_for_the_Trayvon_Martin_shooting;Zimmerman_stands_before_judge_for_the_Trayvon_Martin_shooting#ev63;24+states+%2c+including+florida+%2c;have;press+freedom+in+zimbabwe
;;;;;;
6;4;http://en.wikinews.org/wiki/Zimmerman_stands_before_judge_for_the_Trayvon_Martin_shooting;Zimmerman_stands_before_judge_for_the_Trayvon_Martin_shooting#ev63;us+government;have;such+a+law
;;;;;;
6;4;http://en.wikinews.org/wiki/Zimmerman_stands_before_judge_for_the_Trayvon_Martin_shooting;Zimmerman_stands_before_judge_for_the_Trayvon_Martin_shooting#ev63;24+states+%2c+including+florida+%2c;have;five+goals
;;;;;;
6;4;http://en.wikinews.org/wiki/Zimmerman_stands_before_judge_for_the_Trayvon_Martin_shooting;Zimmerman_stands_before_judge_for_the_Trayvon_Martin_shooting#ev63;24+states+%2c+including+florida+%2c;have;press+freedom+in+zimbabwe
;;;;;;
6;4;http://en.wikinews.org/wiki/Zimmerman_stands_before_judge_for_the_Trayvon_Martin_shooting;Zimmerman_stands_before_judge_for_the_Trayvon_Martin_shooting#ev63;24+states+%2c+including+florida+%2c;have;press+freedom+in+zimbabwe
;;;;;;
6;4;http://en.wikinews.org/wiki/Zimmerman_stands_before_judge_for_the_Trayvon_Martin_shooting;Zimmerman_stands_before_judge_for_the_Trayvon_Martin_shooting#ev63;24+states+%2c+including+florida+%2c;have;of+the+parties+involved
;;;;;;
6;4;http://en.wikinews.org/wiki/Zimmerman_stands_before_judge_for_the_Trayvon_Martin_shooting;Zimmerman_stands_before_judge_for_the_Trayvon_Martin_shooting#ev63;Eric_Zimmerman;have;such+a+law
;;;;;;
7;4;http://en.wikinews.org/wiki/Zimmerman_stands_before_judge_for_the_Trayvon_Martin_shooting;Texas_baby_removed_from_life_support_against_mother's_wishes#ev116;Florida;law;2%2c012+votes
;;;;;;
7;4;http://en.wikinews.org/wiki/Zimmerman_stands_before_judge_for_the_Trayvon_Martin_shooting;Texas_baby_removed_from_life_support_against_mother's_wishes#ev116;Florida;law;Zinaida_Greceanîi
;;;;;;
7;4;http://en.wikinews.org/wiki/Zimmerman_stands_before_judge_for_the_Trayvon_Martin_shooting;Texas_baby_removed_from_life_support_against_mother's_wishes#ev116;Florida;law;press+freedom+in+zimbabwe
;;;;;;
7;4;http://en.wikinews.org/wiki/Zimmerman_stands_before_judge_for_the_Trayvon_Martin_shooting;Texas_baby_removed_from_life_support_against_mother's_wishes#ev116;Florida;law;the+police
;;;;;;
7;4;http://en.wikinews.org/wiki/Zimmerman_stands_before_judge_for_the_Trayvon_Martin_shooting;Texas_baby_removed_from_life_support_against_mother's_wishes#ev116;Miroslav_Klose;law;such+a+law
;;;;;;
7;4;http://en.wikinews.org/wiki/Zimmerman_stands_before_judge_for_the_Trayvon_Martin_shooting;Texas_baby_removed_from_life_support_against_mother's_wishes#ev116;black+leaders;law;such+a+law
;;;;;;
7;4;http://en.wikinews.org/wiki/Zimmerman_stands_before_judge_for_the_Trayvon_Martin_shooting;Texas_baby_removed_from_life_support_against_mother's_wishes#ev116;Florida;law;of+candy+and+iced+tea
;;;;;;
7;4;http://en.wikinews.org/wiki/Zimmerman_stands_before_judge_for_the_Trayvon_Martin_shooting;Texas_baby_removed_from_life_support_against_mother's_wishes#ev116;young+player;law;such+a+law
;;;;;;
7;4;http://en.wikinews.org/wiki/Zimmerman_stands_before_judge_for_the_Trayvon_Martin_shooting;Texas_baby_removed_from_life_support_against_mother's_wishes#ev116;Florida;law;Zinaida_Greceanîi
;;;;;;
7;4;http://en.wikinews.org/wiki/Zimmerman_stands_before_judge_for_the_Trayvon_Martin_shooting;Texas_baby_removed_from_life_support_against_mother's_wishes#ev116;Movement_for_Democratic_Change_–_Tsvangirai;law;such+a+law
;;;;;;
8;4;http://en.wikinews.org/wiki/Zimmerman_stands_before_judge_for_the_Trayvon_Martin_shooting;Zimmerman_stands_before_judge_for_the_Trayvon_Martin_shooting#ev94;SybrinaFulton;say;such+a+law
;;;;;;
8;4;http://en.wikinews.org/wiki/Zimmerman_stands_before_judge_for_the_Trayvon_Martin_shooting;Zimmerman_stands_before_judge_for_the_Trayvon_Martin_shooting#ev94;SybrinaFulton;say;2%2c012+votes
;;;;;;
8;4;http://en.wikinews.org/wiki/Zimmerman_stands_before_judge_for_the_Trayvon_Martin_shooting;Zimmerman_stands_before_judge_for_the_Trayvon_Martin_shooting#ev94;SybrinaFulton;say;probable+cause
;;;;;;
8;4;http://en.wikinews.org/wiki/Zimmerman_stands_before_judge_for_the_Trayvon_Martin_shooting;Zimmerman_stands_before_judge_for_the_Trayvon_Martin_shooting#ev94;us+government;say;we+simply+wanted+an+arrest
;;;;;;
8;4;http://en.wikinews.org/wiki/Zimmerman_stands_before_judge_for_the_Trayvon_Martin_shooting;Zimmerman_stands_before_judge_for_the_Trayvon_Martin_shooting#ev94;Schneider_Electric;say;we+simply+wanted+an+arrest
;;;;;;
8;4;http://en.wikinews.org/wiki/Zimmerman_stands_before_judge_for_the_Trayvon_Martin_shooting;Zimmerman_stands_before_judge_for_the_Trayvon_Martin_shooting#ev94;Florida;say;we+simply+wanted+an+arrest
;;;;;;
8;4;http://en.wikinews.org/wiki/Zimmerman_stands_before_judge_for_the_Trayvon_Martin_shooting;Zimmerman_stands_before_judge_for_the_Trayvon_Martin_shooting#ev94;SybrinaFulton;say;her+proposals
;;;;;;
8;4;http://en.wikinews.org/wiki/Zimmerman_stands_before_judge_for_the_Trayvon_Martin_shooting;Zimmerman_stands_before_judge_for_the_Trayvon_Martin_shooting#ev94;SybrinaFulton;say;a+deal
;;;;;;
8;4;http://en.wikinews.org/wiki/Zimmerman_stands_before_judge_for_the_Trayvon_Martin_shooting;Zimmerman_stands_before_judge_for_the_Trayvon_Martin_shooting#ev94;SybrinaFulton;say;of+sampling+error+of+%2b+%2f
;;;;;;
8;4;http://en.wikinews.org/wiki/Zimmerman_stands_before_judge_for_the_Trayvon_Martin_shooting;Zimmerman_stands_before_judge_for_the_Trayvon_Martin_shooting#ev94;Florida;say;we+simply+wanted+an+arrest
;;;;;;
9;4;http://en.wikinews.org/wiki/Zimmerman_stands_before_judge_for_the_Trayvon_Martin_shooting;Zimmerman_stands_before_judge_for_the_Trayvon_Martin_shooting#ev66;the+judge;find;justice+for+a+murder
;;;;;;
9;4;http://en.wikinews.org/wiki/Zimmerman_stands_before_judge_for_the_Trayvon_Martin_shooting;Zimmerman_stands_before_judge_for_the_Trayvon_Martin_shooting#ev66;the+judge;find;of+second+degree+murder
;;;;;;
9;4;http://en.wikinews.org/wiki/Zimmerman_stands_before_judge_for_the_Trayvon_Martin_shooting;Zimmerman_stands_before_judge_for_the_Trayvon_Martin_shooting#ev66;the+judge;find;with+8+%25+unsure
;;;;;;
9;4;http://en.wikinews.org/wiki/Zimmerman_stands_before_judge_for_the_Trayvon_Martin_shooting;Zimmerman_stands_before_judge_for_the_Trayvon_Martin_shooting#ev66;the+judge;find;we+simply+wanted+an+arrest
;;;;;;
9;4;http://en.wikinews.org/wiki/Zimmerman_stands_before_judge_for_the_Trayvon_Martin_shooting;Zimmerman_stands_before_judge_for_the_Trayvon_Martin_shooting#ev66;Morgan_Tsvangirai;find;probable+cause
;;;;;;
9;4;http://en.wikinews.org/wiki/Zimmerman_stands_before_judge_for_the_Trayvon_Martin_shooting;Zimmerman_stands_before_judge_for_the_Trayvon_Martin_shooting#ev66;the+judge;find;for+the+most+goals
;;;;;;
9;4;http://en.wikinews.org/wiki/Zimmerman_stands_before_judge_for_the_Trayvon_Martin_shooting;Zimmerman_stands_before_judge_for_the_Trayvon_Martin_shooting#ev66;Schneider_Electric;find;probable+cause
;;;;;;
9;4;http://en.wikinews.org/wiki/Zimmerman_stands_before_judge_for_the_Trayvon_Martin_shooting;Zimmerman_stands_before_judge_for_the_Trayvon_Martin_shooting#ev66;the+judge;find;for+the+most+goals
;;;;;;
9;4;http://en.wikinews.org/wiki/Zimmerman_stands_before_judge_for_the_Trayvon_Martin_shooting;Zimmerman_stands_before_judge_for_the_Trayvon_Martin_shooting#ev66;the+judge;find;for+the+most+goals
;;;;;;
9;4;http://en.wikinews.org/wiki/Zimmerman_stands_before_judge_for_the_Trayvon_Martin_shooting;Zimmerman_stands_before_judge_for_the_Trayvon_Martin_shooting#ev66;the+judge;find;Zinaida_Greceanîi
;;;;;;
10;4;http://en.wikinews.org/wiki/Zimmerman_stands_before_judge_for_the_Trayvon_Martin_shooting;Zimmerman_stands_before_judge_for_the_Trayvon_Martin_shooting#ev25;the+judge;cause;justice+for+a+murder
;;;;;;
10;4;http://en.wikinews.org/wiki/Zimmerman_stands_before_judge_for_the_Trayvon_Martin_shooting;Zimmerman_stands_before_judge_for_the_Trayvon_Martin_shooting#ev25;the+judge;cause;of+the+parties+involved
;;;;;;
10;4;http://en.wikinews.org/wiki/Zimmerman_stands_before_judge_for_the_Trayvon_Martin_shooting;Zimmerman_stands_before_judge_for_the_Trayvon_Martin_shooting#ev25;tsvangirai+%27s;cause;of+second+degree+murder
;;;;;;
10;4;http://en.wikinews.org/wiki/Zimmerman_stands_before_judge_for_the_Trayvon_Martin_shooting;Zimmerman_stands_before_judge_for_the_Trayvon_Martin_shooting#ev25;the+judge;cause;of+the+parties+involved
;;;;;;
10;4;http://en.wikinews.org/wiki/Zimmerman_stands_before_judge_for_the_Trayvon_Martin_shooting;Zimmerman_stands_before_judge_for_the_Trayvon_Martin_shooting#ev25;the+judge;cause;2%2c012+votes
;;;;;;
10;4;http://en.wikinews.org/wiki/Zimmerman_stands_before_judge_for_the_Trayvon_Martin_shooting;Zimmerman_stands_before_judge_for_the_Trayvon_Martin_shooting#ev25;the+judge;cause;the+poll
;;;;;;
10;4;http://en.wikinews.org/wiki/Zimmerman_stands_before_judge_for_the_Trayvon_Martin_shooting;Zimmerman_stands_before_judge_for_the_Trayvon_Martin_shooting#ev25;young+player;cause;of+second+degree+murder
;;;;;;
10;4;http://en.wikinews.org/wiki/Zimmerman_stands_before_judge_for_the_Trayvon_Martin_shooting;Zimmerman_stands_before_judge_for_the_Trayvon_Martin_shooting#ev25;Zinedine_Zidane;cause;of+second+degree+murder
;;;;;;
10;4;http://en.wikinews.org/wiki/Zimmerman_stands_before_judge_for_the_Trayvon_Martin_shooting;Zimmerman_stands_before_judge_for_the_Trayvon_Martin_shooting#ev25;Schneider_Electric;cause;of+second+degree+murder
;;;;;;
10;4;http://en.wikinews.org/wiki/Zimmerman_stands_before_judge_for_the_Trayvon_Martin_shooting;Zimmerman_stands_before_judge_for_the_Trayvon_Martin_shooting#ev25;Movement_for_Democratic_Change_–_Tsvangirai;cause;of+second+degree+murder
;;;;;;
11;4;http://en.wikinews.org/wiki/Zimmerman_stands_before_judge_for_the_Trayvon_Martin_shooting;Zimmerman_stands_before_judge_for_the_Trayvon_Martin_shooting#ev69;young+player;request;for+his+clients+safety
;;;;;;
11;4;http://en.wikinews.org/wiki/Zimmerman_stands_before_judge_for_the_Trayvon_Martin_shooting;Zimmerman_stands_before_judge_for_the_Trayvon_Martin_shooting#ev69;out+of+concern;request;of+the+parties+involved
;;;;;;
11;4;http://en.wikinews.org/wiki/Zimmerman_stands_before_judge_for_the_Trayvon_Martin_shooting;Zimmerman_stands_before_judge_for_the_Trayvon_Martin_shooting#ev69;out+of+concern;request;of+sampling+error+of+%2b+%2f
;;;;;;
11;4;http://en.wikinews.org/wiki/Zimmerman_stands_before_judge_for_the_Trayvon_Martin_shooting;Zimmerman_stands_before_judge_for_the_Trayvon_Martin_shooting#ev69;out+of+concern;request;for+the+most+goals
;;;;;;
11;4;http://en.wikinews.org/wiki/Zimmerman_stands_before_judge_for_the_Trayvon_Martin_shooting;Zimmerman_stands_before_judge_for_the_Trayvon_Martin_shooting#ev69;out+of+concern;request;justice+for+a+murder
;;;;;;
11;4;http://en.wikinews.org/wiki/Zimmerman_stands_before_judge_for_the_Trayvon_Martin_shooting;Zimmerman_stands_before_judge_for_the_Trayvon_Martin_shooting#ev69;out+of+concern;request;of+candy+and+iced+tea
;;;;;;
11;4;http://en.wikinews.org/wiki/Zimmerman_stands_before_judge_for_the_Trayvon_Martin_shooting;Zimmerman_stands_before_judge_for_the_Trayvon_Martin_shooting#ev69;young+player;request;for+his+clients+safety
;;;;;;
11;4;http://en.wikinews.org/wiki/Zimmerman_stands_before_judge_for_the_Trayvon_Martin_shooting;Zimmerman_stands_before_judge_for_the_Trayvon_Martin_shooting#ev69;young+player;request;for+his+clients+safety
;;;;;;
11;4;http://en.wikinews.org/wiki/Zimmerman_stands_before_judge_for_the_Trayvon_Martin_shooting;Zimmerman_stands_before_judge_for_the_Trayvon_Martin_shooting#ev69;out+of+concern;request;of+the+parties+involved
;;;;;;
11;4;http://en.wikinews.org/wiki/Zimmerman_stands_before_judge_for_the_Trayvon_Martin_shooting;Zimmerman_stands_before_judge_for_the_Trayvon_Martin_shooting#ev69;Morgan_Tsvangirai;request;for+his+clients+safety
;;;;;;
12;4;http://en.wikinews.org/wiki/Zimmerman_stands_before_judge_for_the_Trayvon_Martin_shooting;Zimmerman_stands_before_judge_for_the_Trayvon_Martin_shooting#ev71;Angela_Corey;announce;such+a+law
;;;;;;
12;4;http://en.wikinews.org/wiki/Zimmerman_stands_before_judge_for_the_Trayvon_Martin_shooting;Zimmerman_stands_before_judge_for_the_Trayvon_Martin_shooting#ev71;young+player;announce;zimmerman+willingly+turned+himself+in
;;;;;;
12;4;http://en.wikinews.org/wiki/Zimmerman_stands_before_judge_for_the_Trayvon_Martin_shooting;Zimmerman_stands_before_judge_for_the_Trayvon_Martin_shooting#ev71;SybrinaFulton;announce;zimmerman+willingly+turned+himself+in
;;;;;;
12;4;http://en.wikinews.org/wiki/Zimmerman_stands_before_judge_for_the_Trayvon_Martin_shooting;Zimmerman_stands_before_judge_for_the_Trayvon_Martin_shooting#ev71;out+of+concern;announce;zimmerman+willingly+turned+himself+in
;;;;;;
12;4;http://en.wikinews.org/wiki/Zimmerman_stands_before_judge_for_the_Trayvon_Martin_shooting;Zimmerman_stands_before_judge_for_the_Trayvon_Martin_shooting#ev71;Miroslav_Klose;announce;zimmerman+willingly+turned+himself+in
;;;;;;
12;4;http://en.wikinews.org/wiki/Zimmerman_stands_before_judge_for_the_Trayvon_Martin_shooting;Zimmerman_stands_before_judge_for_the_Trayvon_Martin_shooting#ev71;Angela_Corey;announce;probable+cause
;;;;;;
12;4;http://en.wikinews.org/wiki/Zimmerman_stands_before_judge_for_the_Trayvon_Martin_shooting;Zimmerman_stands_before_judge_for_the_Trayvon_Martin_shooting#ev71;Angela_Corey;announce;List_of_recurring_The_Simpsons_characters
;;;;;;
12;4;http://en.wikinews.org/wiki/Zimmerman_stands_before_judge_for_the_Trayvon_Martin_shooting;Zimmerman_stands_before_judge_for_the_Trayvon_Martin_shooting#ev71;Angela_Corey;announce;to+be+heard
;;;;;;
12;4;http://en.wikinews.org/wiki/Zimmerman_stands_before_judge_for_the_Trayvon_Martin_shooting;Zimmerman_stands_before_judge_for_the_Trayvon_Martin_shooting#ev71;Angela_Corey;announce;the+award
;;;;;;
12;4;http://en.wikinews.org/wiki/Zimmerman_stands_before_judge_for_the_Trayvon_Martin_shooting;Zimmerman_stands_before_judge_for_the_Trayvon_Martin_shooting#ev71;the+judge;announce;zimmerman+willingly+turned+himself+in
;;;;;;
13;4;http://en.wikinews.org/wiki/Zimmerman_stands_before_judge_for_the_Trayvon_Martin_shooting;Zimmerman_stands_before_judge_for_the_Trayvon_Martin_shooting#ev22;Zimmerman_(surname);shoot;for+the+most+goals
;;;;;;
13;4;http://en.wikinews.org/wiki/Zimmerman_stands_before_judge_for_the_Trayvon_Martin_shooting;Zimmerman_stands_before_judge_for_the_Trayvon_Martin_shooting#ev22;Zimmerman_(surname);shoot;her+proposals
;;;;;;
13;4;http://en.wikinews.org/wiki/Zimmerman_stands_before_judge_for_the_Trayvon_Martin_shooting;Zimmerman_stands_before_judge_for_the_Trayvon_Martin_shooting#ev22;Zimmerman_(surname);shoot;probable+cause
;;;;;;
13;4;http://en.wikinews.org/wiki/Zimmerman_stands_before_judge_for_the_Trayvon_Martin_shooting;Zimmerman_stands_before_judge_for_the_Trayvon_Martin_shooting#ev22;by+911truth;shoot;List_of_recurring_The_Simpsons_characters
;;;;;;
13;4;http://en.wikinews.org/wiki/Zimmerman_stands_before_judge_for_the_Trayvon_Martin_shooting;Zimmerman_stands_before_judge_for_the_Trayvon_Martin_shooting#ev22;52+of+the+101+mps;shoot;List_of_recurring_The_Simpsons_characters
;;;;;;
13;4;http://en.wikinews.org/wiki/Zimmerman_stands_before_judge_for_the_Trayvon_Martin_shooting;Zimmerman_stands_before_judge_for_the_Trayvon_Martin_shooting#ev22;the+agreement;shoot;List_of_recurring_The_Simpsons_characters
;;;;;;
13;4;http://en.wikinews.org/wiki/Zimmerman_stands_before_judge_for_the_Trayvon_Martin_shooting;Zimmerman_stands_before_judge_for_the_Trayvon_Martin_shooting#ev22;Eric_Zimmerman;shoot;List_of_recurring_The_Simpsons_characters
;;;;;;
13;4;http://en.wikinews.org/wiki/Zimmerman_stands_before_judge_for_the_Trayvon_Martin_shooting;Zimmerman_stands_before_judge_for_the_Trayvon_Martin_shooting#ev22;Zimmerman_(surname);shoot;for+the+most+goals
;;;;;;
13;4;http://en.wikinews.org/wiki/Zimmerman_stands_before_judge_for_the_Trayvon_Martin_shooting;Zimmerman_stands_before_judge_for_the_Trayvon_Martin_shooting#ev22;young+player;shoot;List_of_recurring_The_Simpsons_characters
;;;;;;
13;4;http://en.wikinews.org/wiki/Zimmerman_stands_before_judge_for_the_Trayvon_Martin_shooting;Zimmerman_stands_before_judge_for_the_Trayvon_Martin_shooting#ev22;black+leaders;shoot;List_of_recurring_The_Simpsons_characters
;;;;;;
14;4;http://en.wikinews.org/wiki/Zimmerman_stands_before_judge_for_the_Trayvon_Martin_shooting;Zimmerman_stands_before_judge_for_the_Trayvon_Martin_shooting#ev32;Schneider_Electric;involve;the+poll
;;;;;;
14;4;http://en.wikinews.org/wiki/Zimmerman_stands_before_judge_for_the_Trayvon_Martin_shooting;Zimmerman_stands_before_judge_for_the_Trayvon_Martin_shooting#ev32;young+player;involve;of+the+parties+involved
;;;;;;
14;4;http://en.wikinews.org/wiki/Zimmerman_stands_before_judge_for_the_Trayvon_Martin_shooting;Zimmerman_stands_before_judge_for_the_Trayvon_Martin_shooting#ev32;Zinedine_Zidane;involve;of+the+parties+involved
;;;;;;
14;4;http://en.wikinews.org/wiki/Zimmerman_stands_before_judge_for_the_Trayvon_Martin_shooting;Zimmerman_stands_before_judge_for_the_Trayvon_Martin_shooting#ev32;Schneider_Electric;involve;five+goals
;;;;;;
14;4;http://en.wikinews.org/wiki/Zimmerman_stands_before_judge_for_the_Trayvon_Martin_shooting;Zimmerman_stands_before_judge_for_the_Trayvon_Martin_shooting#ev32;Schneider_Electric;involve;for+the+most+goals
;;;;;;
14;4;http://en.wikinews.org/wiki/Zimmerman_stands_before_judge_for_the_Trayvon_Martin_shooting;Zimmerman_stands_before_judge_for_the_Trayvon_Martin_shooting#ev32;Schneider_Electric;involve;we+simply+wanted+an+arrest
;;;;;;
14;4;http://en.wikinews.org/wiki/Zimmerman_stands_before_judge_for_the_Trayvon_Martin_shooting;Zimmerman_stands_before_judge_for_the_Trayvon_Martin_shooting#ev32;black+leaders;involve;of+the+parties+involved
;;;;;;
14;4;http://en.wikinews.org/wiki/Zimmerman_stands_before_judge_for_the_Trayvon_Martin_shooting;Zimmerman_stands_before_judge_for_the_Trayvon_Martin_shooting#ev32;Schneider_Electric;involve;such+a+law
;;;;;;
14;4;http://en.wikinews.org/wiki/Zimmerman_stands_before_judge_for_the_Trayvon_Martin_shooting;Zimmerman_stands_before_judge_for_the_Trayvon_Martin_shooting#ev32;Schneider_Electric;involve;her+proposals
;;;;;;
14;4;http://en.wikinews.org/wiki/Zimmerman_stands_before_judge_for_the_Trayvon_Martin_shooting;Zimmerman_stands_before_judge_for_the_Trayvon_Martin_shooting#ev32;young+player;involve;of+the+parties+involved
;;;;;;
15;4;http://en.wikinews.org/wiki/Zimmerman_stands_before_judge_for_the_Trayvon_Martin_shooting;Zimmerman_stands_before_judge_for_the_Trayvon_Martin_shooting#ev22;young+player;shoot;List_of_recurring_The_Simpsons_characters
;;;;;;
15;4;http://en.wikinews.org/wiki/Zimmerman_stands_before_judge_for_the_Trayvon_Martin_shooting;Zimmerman_stands_before_judge_for_the_Trayvon_Martin_shooting#ev22;the+proposed+cabinet;shoot;List_of_recurring_The_Simpsons_characters
;;;;;;
15;4;http://en.wikinews.org/wiki/Zimmerman_stands_before_judge_for_the_Trayvon_Martin_shooting;Zimmerman_stands_before_judge_for_the_Trayvon_Martin_shooting#ev22;Zimmerman_(surname);shoot;such+a+law
;;;;;;
15;4;http://en.wikinews.org/wiki/Zimmerman_stands_before_judge_for_the_Trayvon_Martin_shooting;Zimmerman_stands_before_judge_for_the_Trayvon_Martin_shooting#ev22;Zimmerman_(surname);shoot;Marco_Materazzi
;;;;;;
15;4;http://en.wikinews.org/wiki/Zimmerman_stands_before_judge_for_the_Trayvon_Martin_shooting;Zimmerman_stands_before_judge_for_the_Trayvon_Martin_shooting#ev22;Zinedine_Zidane;shoot;List_of_recurring_The_Simpsons_characters
;;;;;;
15;4;http://en.wikinews.org/wiki/Zimmerman_stands_before_judge_for_the_Trayvon_Martin_shooting;Zimmerman_stands_before_judge_for_the_Trayvon_Martin_shooting#ev22;Robert_Mugabe;shoot;List_of_recurring_The_Simpsons_characters
;;;;;;
15;4;http://en.wikinews.org/wiki/Zimmerman_stands_before_judge_for_the_Trayvon_Martin_shooting;Zimmerman_stands_before_judge_for_the_Trayvon_Martin_shooting#ev22;the+proposed+cabinet;shoot;List_of_recurring_The_Simpsons_characters
;;;;;;
15;4;http://en.wikinews.org/wiki/Zimmerman_stands_before_judge_for_the_Trayvon_Martin_shooting;Zimmerman_stands_before_judge_for_the_Trayvon_Martin_shooting#ev22;Zimmerman_(surname);shoot;for+his+clients+safety
;;;;;;
15;4;http://en.wikinews.org/wiki/Zimmerman_stands_before_judge_for_the_Trayvon_Martin_shooting;Zimmerman_stands_before_judge_for_the_Trayvon_Martin_shooting#ev22;Zimmerman_(surname);shoot;for+his+clients+safety
;;;;;;
15;4;http://en.wikinews.org/wiki/Zimmerman_stands_before_judge_for_the_Trayvon_Martin_shooting;Zimmerman_stands_before_judge_for_the_Trayvon_Martin_shooting#ev22;Morgan_Tsvangirai;shoot;List_of_recurring_The_Simpsons_characters
;;;;;;
0;5;http://en.wikinews.org/wiki/Zimbabwean_unity_talks_fail;Zimbabwean_unity_talks_fail#ev35;the+proposed+cabinet;contain;such+a+law
;;;;;;
0;5;http://en.wikinews.org/wiki/Zimbabwean_unity_talks_fail;Zimbabwean_unity_talks_fail#ev35;the+proposed+cabinet;contain;her+proposals
;;;;;;
0;5;http://en.wikinews.org/wiki/Zimbabwean_unity_talks_fail;Zimbabwean_unity_talks_fail#ev35;the+proposed+cabinet;contain;the+police
;;;;;;
0;5;http://en.wikinews.org/wiki/Zimbabwean_unity_talks_fail;Zimbabwean_unity_talks_fail#ev35;Schneider_Electric;contain;Movement_for_Democratic_Change_–_Tsvangirai
;;;;;;
0;5;http://en.wikinews.org/wiki/Zimbabwean_unity_talks_fail;Zimbabwean_unity_talks_fail#ev35;Miroslav_Klose;contain;Movement_for_Democratic_Change_–_Tsvangirai
;;;;;;
0;5;http://en.wikinews.org/wiki/Zimbabwean_unity_talks_fail;Zimbabwean_unity_talks_fail#ev35;the+proposed+cabinet;contain;the+award
;;;;;;
0;5;http://en.wikinews.org/wiki/Zimbabwean_unity_talks_fail;Zimbabwean_unity_talks_fail#ev35;Movement_for_Democratic_Change_–_Tsvangirai;contain;Movement_for_Democratic_Change_–_Tsvangirai
;;;;;;
0;5;http://en.wikinews.org/wiki/Zimbabwean_unity_talks_fail;Zimbabwean_unity_talks_fail#ev35;the+proposed+cabinet;contain;List_of_recurring_The_Simpsons_characters
;;;;;;
0;5;http://en.wikinews.org/wiki/Zimbabwean_unity_talks_fail;Zimbabwean_unity_talks_fail#ev35;the+proposed+cabinet;contain;fifteen+seats
;;;;;;
0;5;http://en.wikinews.org/wiki/Zimbabwean_unity_talks_fail;Zimbabwean_unity_talks_fail#ev35;Morgan_Tsvangirai;contain;Movement_for_Democratic_Change_–_Tsvangirai
;;;;;;
1;5;http://en.wikinews.org/wiki/Zimbabwean_unity_talks_fail;Zimbabwean_unity_talks_fail#ev45;young+player;have;fifteen+seats
;;;;;;
1;5;http://en.wikinews.org/wiki/Zimbabwean_unity_talks_fail;Zimbabwean_unity_talks_fail#ev45;Robert_Mugabe;have;of+second+degree+murder
;;;;;;
1;5;http://en.wikinews.org/wiki/Zimbabwean_unity_talks_fail;Zimbabwean_unity_talks_fail#ev45;Movement_for_Democratic_Change_–_Tsvangirai;have;fifteen+seats
;;;;;;
1;5;http://en.wikinews.org/wiki/Zimbabwean_unity_talks_fail;Zimbabwean_unity_talks_fail#ev45;Robert_Mugabe;have;such+a+law
;;;;;;
1;5;http://en.wikinews.org/wiki/Zimbabwean_unity_talks_fail;Zimbabwean_unity_talks_fail#ev45;the+proposed+cabinet;have;fifteen+seats
;;;;;;
1;5;http://en.wikinews.org/wiki/Zimbabwean_unity_talks_fail;Zimbabwean_unity_talks_fail#ev45;Miroslav_Klose;have;fifteen+seats
;;;;;;
1;5;http://en.wikinews.org/wiki/Zimbabwean_unity_talks_fail;Zimbabwean_unity_talks_fail#ev45;Florida;have;fifteen+seats
;;;;;;
1;5;http://en.wikinews.org/wiki/Zimbabwean_unity_talks_fail;Zimbabwean_unity_talks_fail#ev45;young+player;have;fifteen+seats
;;;;;;
1;5;http://en.wikinews.org/wiki/Zimbabwean_unity_talks_fail;Zimbabwean_unity_talks_fail#ev45;the+judge;have;fifteen+seats
;;;;;;
1;5;http://en.wikinews.org/wiki/Zimbabwean_unity_talks_fail;Zimbabwean_unity_talks_fail#ev45;Robert_Mugabe;have;of+second+degree+murder
;;;;;;
2;5;http://en.wikinews.org/wiki/Zimbabwean_unity_talks_fail;Zimbabwean_unity_talks_fail#ev37;young+player;control;the+police
;;;;;;
2;5;http://en.wikinews.org/wiki/Zimbabwean_unity_talks_fail;Zimbabwean_unity_talks_fail#ev37;Zinedine_Zidane;control;the+police
;;;;;;
2;5;http://en.wikinews.org/wiki/Zimbabwean_unity_talks_fail;Zimbabwean_unity_talks_fail#ev37;Florida;control;the+police
;;;;;;
2;5;http://en.wikinews.org/wiki/Zimbabwean_unity_talks_fail;Zimbabwean_unity_talks_fail#ev37;the+agreement;control;the+police
;;;;;;
2;5;http://en.wikinews.org/wiki/Zimbabwean_unity_talks_fail;Zimbabwean_unity_talks_fail#ev37;Movement_for_Democratic_Change_–_Tsvangirai;control;of+the+parties+involved
;;;;;;
2;5;http://en.wikinews.org/wiki/Zimbabwean_unity_talks_fail;Zimbabwean_unity_talks_fail#ev37;Movement_for_Democratic_Change_–_Tsvangirai;control;the+award
;;;;;;
2;5;http://en.wikinews.org/wiki/Zimbabwean_unity_talks_fail;Zimbabwean_unity_talks_fail#ev37;Movement_for_Democratic_Change_–_Tsvangirai;control;for+the+most+goals
;;;;;;
2;5;http://en.wikinews.org/wiki/Zimbabwean_unity_talks_fail;Zimbabwean_unity_talks_fail#ev37;Morgan_Tsvangirai;control;the+police
;;;;;;
2;5;http://en.wikinews.org/wiki/Zimbabwean_unity_talks_fail;Zimbabwean_unity_talks_fail#ev37;Movement_for_Democratic_Change_–_Tsvangirai;control;such+a+law
;;;;;;
2;5;http://en.wikinews.org/wiki/Zimbabwean_unity_talks_fail;Zimbabwean_unity_talks_fail#ev37;Movement_for_Democratic_Change_–_Tsvangirai;control;such+a+law
;;;;;;
3;5;http://en.wikinews.org/wiki/Zimbabwean_unity_talks_fail;Zimbabwean_unity_talks_fail#ev37;young+player;control;the+police
;;;;;;
3;5;http://en.wikinews.org/wiki/Zimbabwean_unity_talks_fail;Zimbabwean_unity_talks_fail#ev37;Movement_for_Democratic_Change_–_Tsvangirai;control;for+the+most+goals
;;;;;;
3;5;http://en.wikinews.org/wiki/Zimbabwean_unity_talks_fail;Zimbabwean_unity_talks_fail#ev37;Movement_for_Democratic_Change_–_Tsvangirai;control;of+second+degree+murder
;;;;;;
3;5;http://en.wikinews.org/wiki/Zimbabwean_unity_talks_fail;Zimbabwean_unity_talks_fail#ev37;Movement_for_Democratic_Change_–_Tsvangirai;control;Movement_for_Democratic_Change_–_Tsvangirai
;;;;;;
3;5;http://en.wikinews.org/wiki/Zimbabwean_unity_talks_fail;Zimbabwean_unity_talks_fail#ev37;Movement_for_Democratic_Change_–_Tsvangirai;control;to+be+heard
;;;;;;
3;5;http://en.wikinews.org/wiki/Zimbabwean_unity_talks_fail;Zimbabwean_unity_talks_fail#ev37;Movement_for_Democratic_Change_–_Tsvangirai;control;the+award
;;;;;;
3;5;http://en.wikinews.org/wiki/Zimbabwean_unity_talks_fail;Zimbabwean_unity_talks_fail#ev37;Morgan_Tsvangirai;control;the+police
;;;;;;
3;5;http://en.wikinews.org/wiki/Zimbabwean_unity_talks_fail;Zimbabwean_unity_talks_fail#ev37;Zimmerman_(surname);control;the+police
;;;;;;
3;5;http://en.wikinews.org/wiki/Zimbabwean_unity_talks_fail;Zimbabwean_unity_talks_fail#ev37;Movement_for_Democratic_Change_–_Tsvangirai;control;of+second+degree+murder
;;;;;;
3;5;http://en.wikinews.org/wiki/Zimbabwean_unity_talks_fail;Zimbabwean_unity_talks_fail#ev37;Eric_Zimmerman;control;the+police
;;;;;;
4;5;http://en.wikinews.org/wiki/Zimbabwean_unity_talks_fail;Zimbabwean_unity_talks_fail#ev60;the+agreement;require;the+award
;;;;;;
4;5;http://en.wikinews.org/wiki/Zimbabwean_unity_talks_fail;Zimbabwean_unity_talks_fail#ev60;the+agreement;require;of+second+degree+murder
;;;;;;
4;5;http://en.wikinews.org/wiki/Zimbabwean_unity_talks_fail;Zimbabwean_unity_talks_fail#ev60;tsvangirai+%27s;require;press+freedom+in+zimbabwe
;;;;;;
4;5;http://en.wikinews.org/wiki/Zimbabwean_unity_talks_fail;Zimbabwean_unity_talks_fail#ev60;the+agreement;require;Movement_for_Democratic_Change_–_Tsvangirai
;;;;;;
4;5;http://en.wikinews.org/wiki/Zimbabwean_unity_talks_fail;Zimbabwean_unity_talks_fail#ev60;Zinedine_Zidane;require;press+freedom+in+zimbabwe
;;;;;;
4;5;http://en.wikinews.org/wiki/Zimbabwean_unity_talks_fail;Zimbabwean_unity_talks_fail#ev60;the+agreement;require;for+the+most+goals
;;;;;;
4;5;http://en.wikinews.org/wiki/Zimbabwean_unity_talks_fail;Zimbabwean_unity_talks_fail#ev60;the+agreement;require;the+award
;;;;;;
4;5;http://en.wikinews.org/wiki/Zimbabwean_unity_talks_fail;Zimbabwean_unity_talks_fail#ev60;the+agreement;require;for+the+most+goals
;;;;;;
4;5;http://en.wikinews.org/wiki/Zimbabwean_unity_talks_fail;Zimbabwean_unity_talks_fail#ev60;young+player;require;press+freedom+in+zimbabwe
;;;;;;
4;5;http://en.wikinews.org/wiki/Zimbabwean_unity_talks_fail;Zimbabwean_unity_talks_fail#ev60;Miroslav_Klose;require;press+freedom+in+zimbabwe
;;;;;;
5;5;http://en.wikinews.org/wiki/Zimbabwean_unity_talks_fail;Zimbabwean_unity_talks_fail#ev23;tsvangirai+%27s;Movement;for+the+most+goals
;;;;;;
5;5;http://en.wikinews.org/wiki/Zimbabwean_unity_talks_fail;Zimbabwean_unity_talks_fail#ev23;tsvangirai+%27s;Movement;the+award
;;;;;;
5;5;http://en.wikinews.org/wiki/Zimbabwean_unity_talks_fail;Zimbabwean_unity_talks_fail#ev23;tsvangirai+%27s;Movement;the+police
;;;;;;
5;5;http://en.wikinews.org/wiki/Zimbabwean_unity_talks_fail;Zimbabwean_unity_talks_fail#ev23;Angela_Corey;Movement;Morgan_Tsvangirai
;;;;;;
5;5;http://en.wikinews.org/wiki/Zimbabwean_unity_talks_fail;Zimbabwean_unity_talks_fail#ev23;tsvangirai+%27s;Movement;such+a+law
;;;;;;
5;5;http://en.wikinews.org/wiki/Zimbabwean_unity_talks_fail;Zimbabwean_unity_talks_fail#ev23;the+judge;Movement;Morgan_Tsvangirai
;;;;;;
5;5;http://en.wikinews.org/wiki/Zimbabwean_unity_talks_fail;Zimbabwean_unity_talks_fail#ev23;tsvangirai+%27s;Movement;for+the+most+goals
;;;;;;
5;5;http://en.wikinews.org/wiki/Zimbabwean_unity_talks_fail;Zimbabwean_unity_talks_fail#ev23;Morgan_Tsvangirai;Movement;Morgan_Tsvangirai
;;;;;;
5;5;http://en.wikinews.org/wiki/Zimbabwean_unity_talks_fail;Zimbabwean_unity_talks_fail#ev23;Florida;Movement;Morgan_Tsvangirai
;;;;;;
5;5;http://en.wikinews.org/wiki/Zimbabwean_unity_talks_fail;Zimbabwean_unity_talks_fail#ev23;Zimmerman_(surname);Movement;Morgan_Tsvangirai
;;;;;;
6;5;http://en.wikinews.org/wiki/Zimbabwean_unity_talks_fail;Zimbabwean_unity_talks_fail#ev49;Morgan_Tsvangirai;express;a+deal
;;;;;;
6;5;http://en.wikinews.org/wiki/Zimbabwean_unity_talks_fail;Zimbabwean_unity_talks_fail#ev49;Movement_for_Democratic_Change_–_Tsvangirai;express;over+failure+to+reach+a+deal
;;;;;;
6;5;http://en.wikinews.org/wiki/Zimbabwean_unity_talks_fail;Zimbabwean_unity_talks_fail#ev49;Morgan_Tsvangirai;express;of+the+parties+involved
;;;;;;
6;5;http://en.wikinews.org/wiki/Zimbabwean_unity_talks_fail;Zimbabwean_unity_talks_fail#ev49;Morgan_Tsvangirai;express;the+police
;;;;;;
6;5;http://en.wikinews.org/wiki/Zimbabwean_unity_talks_fail;Zimbabwean_unity_talks_fail#ev49;Morgan_Tsvangirai;express;for+the+most+goals
;;;;;;
6;5;http://en.wikinews.org/wiki/Zimbabwean_unity_talks_fail;Zimbabwean_unity_talks_fail#ev49;Morgan_Tsvangirai;express;2%2c012+votes
;;;;;;
6;5;http://en.wikinews.org/wiki/Zimbabwean_unity_talks_fail;Zimbabwean_unity_talks_fail#ev49;by+911truth;express;over+failure+to+reach+a+deal
;;;;;;
6;5;http://en.wikinews.org/wiki/Zimbabwean_unity_talks_fail;Zimbabwean_unity_talks_fail#ev49;Morgan_Tsvangirai;express;press+freedom+in+zimbabwe
;;;;;;
6;5;http://en.wikinews.org/wiki/Zimbabwean_unity_talks_fail;Zimbabwean_unity_talks_fail#ev49;Morgan_Tsvangirai;express;such+a+law
;;;;;;
6;5;http://en.wikinews.org/wiki/Zimbabwean_unity_talks_fail;Zimbabwean_unity_talks_fail#ev49;Morgan_Tsvangirai;express;for+his+clients+safety
;;;;;;
7;5;http://en.wikinews.org/wiki/Zimbabwean_unity_talks_fail;Zimbabwean_unity_talks_fail#ev40;Morgan_Tsvangirai;reach;Zinaida_Greceanîi
;;;;;;
7;5;http://en.wikinews.org/wiki/Zimbabwean_unity_talks_fail;Zimbabwean_unity_talks_fail#ev40;Morgan_Tsvangirai;reach;for+the+most+goals
;;;;;;
7;5;http://en.wikinews.org/wiki/Zimbabwean_unity_talks_fail;Zimbabwean_unity_talks_fail#ev40;Morgan_Tsvangirai;reach;the+award
;;;;;;
7;5;http://en.wikinews.org/wiki/Zimbabwean_unity_talks_fail;Zimbabwean_unity_talks_fail#ev40;Miroslav_Klose;reach;a+deal
;;;;;;
7;5;http://en.wikinews.org/wiki/Zimbabwean_unity_talks_fail;Zimbabwean_unity_talks_fail#ev40;Morgan_Tsvangirai;reach;Marco_Materazzi
;;;;;;
7;5;http://en.wikinews.org/wiki/Zimbabwean_unity_talks_fail;Zimbabwean_unity_talks_fail#ev40;52+of+the+101+mps;reach;a+deal
;;;;;;
7;5;http://en.wikinews.org/wiki/Zimbabwean_unity_talks_fail;Zimbabwean_unity_talks_fail#ev40;Movement_for_Democratic_Change_–_Tsvangirai;reach;a+deal
;;;;;;
7;5;http://en.wikinews.org/wiki/Zimbabwean_unity_talks_fail;Zimbabwean_unity_talks_fail#ev40;List_of_recurring_The_Simpsons_characters;reach;a+deal
;;;;;;
7;5;http://en.wikinews.org/wiki/Zimbabwean_unity_talks_fail;Zimbabwean_unity_talks_fail#ev40;Morgan_Tsvangirai;reach;List_of_recurring_The_Simpsons_characters
;;;;;;
7;5;http://en.wikinews.org/wiki/Zimbabwean_unity_talks_fail;Zimbabwean_unity_talks_fail#ev40;Miroslav_Klose;reach;a+deal
